Id,Name,OrderApi__Catalog__c,OrderApi__Is_Featured__c,OrderApi__Is_Published__c,OrderApi__Item__c,OrderApi__Catalog__r.Id,OrderApi__Item__r.External_Id__c
a0r4W00000bi5jBQAQ,00000276,a0s4W00000fqDVPQA2,false,true,a154W00000926RhQAI,a0s4W00000fqDVPQA2,438
a0r4W00000bi5jCQAQ,00000277,a0s4W00000fqDVQQA2,false,true,a154W00000926SdQAI,a0s4W00000fqDVQQA2,652
a0r4W00000bi5jDQAQ,00000275,a0s4W00000fqDVQQA2,false,true,a154W00000926RWQAY,a0s4W00000fqDVQQA2,186
a0r4W00000bi5jEQAQ,00000132,a0s4W00000fqDVPQA2,false,true,a154W00000926R3QAI,a0s4W00000fqDVPQA2,688
a0r4W00000bi5jFQAQ,00000133,a0s4W00000fqDVPQA2,false,true,a154W00000926RtQAI,a0s4W00000fqDVPQA2,689
a0r4W00000bi5jGQAQ,00000134,a0s4W00000fqDVPQA2,false,true,a154W00000926QmQAI,a0s4W00000fqDVPQA2,690
a0r4W00000bi5jHQAQ,00000135,a0s4W00000fqDVPQA2,false,true,a154W00000926RsQAI,a0s4W00000fqDVPQA2,562
a0r4W00000bi5jIQAQ,00000136,a0s4W00000fqDVPQA2,false,true,a154W00000926R4QAI,a0s4W00000fqDVPQA2,563
a0r4W00000bi5jJQAQ,00000137,a0s4W00000fqDVPQA2,false,true,a154W00000926RoQAI,a0s4W00000fqDVPQA2,564
a0r4W00000bi5jKQAQ,00000138,a0s4W00000fqDVRQA2,false,true,a154W00000926QlQAI,a0s4W00000fqDVRQA2,691
a0r4W00000bi5jLQAQ,00000139,a0s4W00000fqDVRQA2,false,true,a154W00000926RmQAI,a0s4W00000fqDVRQA2,28
a0r4W00000bi5jMQAQ,00000140,a0s4W00000fqDVSQA2,false,true,a154W00000926R7QAI,a0s4W00000fqDVSQA2,29
a0r4W00000bi5jNQAQ,00000141,a0s4W00000fqDVSQA2,false,true,a154W00000926RCQAY,a0s4W00000fqDVSQA2,30
a0r4W00000bi5jOQAQ,00000142,a0s4W00000fqDVPQA2,false,true,a154W00000926RaQAI,a0s4W00000fqDVPQA2,565
a0r4W00000bi5jPQAQ,00000143,a0s4W00000fqDVPQA2,false,true,a154W00000926RXQAY,a0s4W00000fqDVPQA2,566
a0r4W00000bi5jQQAQ,00000144,a0s4W00000fqDVPQA2,false,true,a154W00000926RbQAI,a0s4W00000fqDVPQA2,567
a0r4W00000bi5jRQAQ,00000145,a0s4W00000fqDVPQA2,false,true,a154W00000926REQAY,a0s4W00000fqDVPQA2,568
a0r4W00000bi5jSQAQ,00000146,a0s4W00000fqDVPQA2,false,true,a154W00000926RpQAI,a0s4W00000fqDVPQA2,569
a0r4W00000bi5jTQAQ,00000147,a0s4W00000fqDVPQA2,false,true,a154W00000926RwQAI,a0s4W00000fqDVPQA2,604
a0r4W00000bi5jUQAQ,00000148,a0s4W00000fqDVPQA2,false,true,a154W00000926RvQAI,a0s4W00000fqDVPQA2,605
a0r4W00000bi5jVQAQ,00000149,a0s4W00000fqDVPQA2,false,true,a154W00000926RuQAI,a0s4W00000fqDVPQA2,606
a0r4W00000bi5jWQAQ,00000150,a0s4W00000fqDVPQA2,false,true,a154W00000926RrQAI,a0s4W00000fqDVPQA2,607
a0r4W00000bi5jXQAQ,00000151,a0s4W00000fqDVPQA2,false,true,a154W00000926RnQAI,a0s4W00000fqDVPQA2,608
a0r4W00000bi5jYQAQ,00000152,a0s4W00000fqDVQQA2,false,true,a154W00000926QvQAI,a0s4W00000fqDVQQA2,648
a0r4W00000bi5jZQAQ,00000153,a0s4W00000fqDVQQA2,false,true,a154W00000926RkQAI,a0s4W00000fqDVQQA2,649
a0r4W00000bi5jaQAA,00000154,a0s4W00000fqDVQQA2,false,true,a154W00000926QuQAI,a0s4W00000fqDVQQA2,650
a0r4W00000bi5jbQAA,00000155,a0s4W00000fqDVQQA2,false,true,a154W00000926R6QAI,a0s4W00000fqDVQQA2,651
a0r4W00000bi5jcQAA,00000156,a0s4W00000fqDVQQA2,false,true,a154W00000926RDQAY,a0s4W00000fqDVQQA2,609
a0r4W00000bi5jdQAA,00000157,a0s4W00000fqDVTQA2,false,true,a154W00000926RqQAI,a0s4W00000fqDVTQA2,610
a0r4W00000bi5jeQAA,00000158,a0s4W00000fqDVTQA2,false,true,a154W00000926RAQAY,a0s4W00000fqDVTQA2,647
a0r4W00000bi5jfQAA,00000159,a0s4W00000fqDVUQA2,false,true,a154W00000926SrQAI,a0s4W00000fqDVUQA2,32
a0r4W00000bi5jgQAA,00000160,a0s4W00000fqDVUQA2,false,true,a154W00000926SsQAI,a0s4W00000fqDVUQA2,33
a0r4W00000bi5jhQAA,00000161,a0s4W00000fqDVVQA2,false,true,a154W00000926StQAI,a0s4W00000fqDVVQA2,34
a0r4W00000bi5jiQAA,00000162,a0s4W00000fqDVWQA2,false,true,a154W00000926SuQAI,a0s4W00000fqDVWQA2,35
a0r4W00000bi5jjQAA,00000163,a0s4W00000fqDVWQA2,false,true,a154W00000926SvQAI,a0s4W00000fqDVWQA2,36
a0r4W00000bi5jkQAA,00000164,a0s4W00000fqDVWQA2,false,true,a154W00000926SwQAI,a0s4W00000fqDVWQA2,37
a0r4W00000bi5jlQAA,00000165,a0s4W00000fqDVWQA2,false,true,a154W00000926SxQAI,a0s4W00000fqDVWQA2,38
a0r4W00000bi5jmQAA,00000166,a0s4W00000fqDVWQA2,false,true,a154W00000926SyQAI,a0s4W00000fqDVWQA2,77
a0r4W00000bi5jnQAA,00000167,a0s4W00000fqDVWQA2,false,true,a154W00000926SzQAI,a0s4W00000fqDVWQA2,78
a0r4W00000bi5joQAA,00000168,a0s4W00000fqDVWQA2,false,true,a154W00000926T0QAI,a0s4W00000fqDVWQA2,79
a0r4W00000bi5jpQAA,00000169,a0s4W00000fqDVWQA2,false,true,a154W00000926T1QAI,a0s4W00000fqDVWQA2,80
a0r4W00000bi5jqQAA,00000170,a0s4W00000fqDVXQA2,false,true,a154W00000926T2QAI,a0s4W00000fqDVXQA2,81
a0r4W00000bi5jrQAA,00000171,a0s4W00000fqDVXQA2,false,true,a154W00000926T3QAI,a0s4W00000fqDVXQA2,82
a0r4W00000bi5jsQAA,00000172,a0s4W00000fqDVXQA2,false,true,a154W00000926T4QAI,a0s4W00000fqDVXQA2,83
a0r4W00000bi5jtQAA,00000173,a0s4W00000fqDVXQA2,false,true,a154W00000926T5QAI,a0s4W00000fqDVXQA2,84
a0r4W00000bi5juQAA,00000174,a0s4W00000fqDVXQA2,false,true,a154W00000926T6QAI,a0s4W00000fqDVXQA2,85
a0r4W00000bi5jvQAA,00000175,a0s4W00000fqDVXQA2,false,true,a154W00000926T7QAI,a0s4W00000fqDVXQA2,86
a0r4W00000bi5jwQAA,00000176,a0s4W00000fqDVXQA2,false,true,a154W00000926T8QAI,a0s4W00000fqDVXQA2,124
a0r4W00000bi5jxQAA,00000177,a0s4W00000fqDVXQA2,false,true,a154W00000926T9QAI,a0s4W00000fqDVXQA2,125
a0r4W00000bi5jyQAA,00000178,a0s4W00000fqDVXQA2,false,true,a154W00000926TAQAY,a0s4W00000fqDVXQA2,126
a0r4W00000bi5jzQAA,00000179,a0s4W00000fqDVXQA2,false,true,a154W00000926TBQAY,a0s4W00000fqDVXQA2,127
a0r4W00000bi5k0QAA,00000180,a0s4W00000fqDVXQA2,false,true,a154W00000926TCQAY,a0s4W00000fqDVXQA2,128
a0r4W00000bi5k1QAA,00000181,a0s4W00000fqDVXQA2,false,true,a154W00000926TDQAY,a0s4W00000fqDVXQA2,129
a0r4W00000bi5k2QAA,00000182,a0s4W00000fqDVXQA2,false,true,a154W00000926TEQAY,a0s4W00000fqDVXQA2,130
a0r4W00000bi5k3QAA,00000183,a0s4W00000fqDVXQA2,false,true,a154W00000926TFQAY,a0s4W00000fqDVXQA2,131
a0r4W00000bi5k4QAA,00000184,a0s4W00000fqDVXQA2,false,true,a154W00000926TGQAY,a0s4W00000fqDVXQA2,132
a0r4W00000bi5k5QAA,00000185,a0s4W00000fqDVXQA2,false,true,a154W00000926THQAY,a0s4W00000fqDVXQA2,133
a0r4W00000bi5k6QAA,00000186,a0s4W00000fqDVXQA2,false,true,a154W00000926TIQAY,a0s4W00000fqDVXQA2,170
a0r4W00000bi5k7QAA,00000187,a0s4W00000fqDVXQA2,false,true,a154W00000926TJQAY,a0s4W00000fqDVXQA2,171
a0r4W00000bi5k8QAA,00000188,a0s4W00000fqDVXQA2,false,true,a154W00000926TKQAY,a0s4W00000fqDVXQA2,172
a0r4W00000bi5k9QAA,00000189,a0s4W00000fqDVXQA2,false,true,a154W00000926TLQAY,a0s4W00000fqDVXQA2,173
a0r4W00000bi5kAQAQ,00000190,a0s4W00000fqDVXQA2,false,true,a154W00000926TMQAY,a0s4W00000fqDVXQA2,174
a0r4W00000bi5kBQAQ,00000191,a0s4W00000fqDVXQA2,false,true,a154W00000926TNQAY,a0s4W00000fqDVXQA2,175
a0r4W00000bi5kCQAQ,00000192,a0s4W00000fqDVXQA2,false,true,a154W00000926TOQAY,a0s4W00000fqDVXQA2,176
a0r4W00000bi5kDQAQ,00000193,a0s4W00000fqDVXQA2,false,true,a154W00000926TPQAY,a0s4W00000fqDVXQA2,177
a0r4W00000bi5kEQAQ,00000194,a0s4W00000fqDVXQA2,false,true,a154W00000926TQQAY,a0s4W00000fqDVXQA2,178
a0r4W00000bi5kFQAQ,00000195,a0s4W00000fqDVXQA2,false,true,a154W00000926TRQAY,a0s4W00000fqDVXQA2,179
a0r4W00000bi5kGQAQ,00000196,a0s4W00000fqDVVQA2,false,true,a154W00000926TSQAY,a0s4W00000fqDVVQA2,180
a0r4W00000bi5kHQAQ,00000197,a0s4W00000fqDVVQA2,false,true,a154W00000926TTQAY,a0s4W00000fqDVVQA2,
a0r4W00000bi5kIQAQ,00000198,a0s4W00000fqDVVQA2,false,true,a154W00000926TUQAY,a0s4W00000fqDVVQA2,
a0r4W00000bi5kJQAQ,00000199,a0s4W00000fqDVVQA2,false,true,a154W00000926TVQAY,a0s4W00000fqDVVQA2,
a0r4W00000bi5kKQAQ,00000200,a0s4W00000fqDVVQA2,false,true,a154W00000926TWQAY,a0s4W00000fqDVVQA2,
a0r4W00000bi5kLQAQ,00000201,a0s4W00000fqDVVQA2,false,true,a154W00000926TXQAY,a0s4W00000fqDVVQA2,
a0r4W00000bi5kMQAQ,00000202,a0s4W00000fqDVVQA2,false,true,a154W00000926TYQAY,a0s4W00000fqDVVQA2,
a0r4W00000bi5kNQAQ,00000203,a0s4W00000fqDVVQA2,false,true,a154W00000926TZQAY,a0s4W00000fqDVVQA2,
a0r4W00000bi5kOQAQ,00000204,a0s4W00000fqDVVQA2,false,true,a154W00000926TaQAI,a0s4W00000fqDVVQA2,
a0r4W00000bi5kPQAQ,00000205,a0s4W00000fqDVVQA2,false,true,a154W00000926TbQAI,a0s4W00000fqDVVQA2,
a0r4W00000bi5kQQAQ,00000206,a0s4W00000fqDVVQA2,false,true,a154W00000926TcQAI,a0s4W00000fqDVVQA2,
a0r4W00000bi5kRQAQ,00000207,a0s4W00000fqDVVQA2,false,true,a154W00000926TdQAI,a0s4W00000fqDVVQA2,
a0r4W00000bi5kSQAQ,00000208,a0s4W00000fqDVVQA2,false,true,a154W00000926TeQAI,a0s4W00000fqDVVQA2,
a0r4W00000bi5kTQAQ,00000209,a0s4W00000fqDVVQA2,false,true,a154W00000926TfQAI,a0s4W00000fqDVVQA2,
a0r4W00000bi5kUQAQ,00000210,a0s4W00000fqDVVQA2,false,true,a154W00000926TgQAI,a0s4W00000fqDVVQA2,
a0r4W00000bi5kVQAQ,00000211,a0s4W00000fqDVVQA2,false,true,a154W00000926ThQAI,a0s4W00000fqDVVQA2,
a0r4W00000bi5kWQAQ,00000212,a0s4W00000fqDVVQA2,false,true,a154W00000926TiQAI,a0s4W00000fqDVVQA2,
a0r4W00000bi5kXQAQ,00000213,a0s4W00000fqDVVQA2,false,true,a154W00000926TjQAI,a0s4W00000fqDVVQA2,
a0r4W00000bi5kYQAQ,00000214,a0s4W00000fqDVVQA2,false,true,a154W00000926TkQAI,a0s4W00000fqDVVQA2,
a0r4W00000bi5kZQAQ,00000215,a0s4W00000fqDVVQA2,false,true,a154W00000926TlQAI,a0s4W00000fqDVVQA2,
a0r4W00000bi5kaQAA,00000216,a0s4W00000fqDVVQA2,false,true,a154W00000926TmQAI,a0s4W00000fqDVVQA2,
a0r4W00000bi5kbQAA,00000217,a0s4W00000fqDVVQA2,false,true,a154W00000926TnQAI,a0s4W00000fqDVVQA2,
a0r4W00000bi5kcQAA,00000218,a0s4W00000fqDVVQA2,false,true,a154W00000926ToQAI,a0s4W00000fqDVVQA2,
a0r4W00000bi5kdQAA,00000219,a0s4W00000fqDVVQA2,false,true,a154W00000926TpQAI,a0s4W00000fqDVVQA2,
a0r4W00000bi5keQAA,00000220,a0s4W00000fqDVVQA2,false,true,a154W00000926TqQAI,a0s4W00000fqDVVQA2,
a0r4W00000bi5kfQAA,00000221,a0s4W00000fqDVVQA2,false,true,a154W00000926TrQAI,a0s4W00000fqDVVQA2,
a0r4W00000bi5kgQAA,00000222,a0s4W00000fqDVVQA2,false,true,a154W00000926TsQAI,a0s4W00000fqDVVQA2,
a0r4W00000bi5khQAA,00000223,a0s4W00000fqDVVQA2,false,true,a154W00000926TtQAI,a0s4W00000fqDVVQA2,
a0r4W00000bi5kiQAA,00000224,a0s4W00000fqDVVQA2,false,true,a154W00000926TuQAI,a0s4W00000fqDVVQA2,
a0r4W00000bi5kjQAA,00000225,a0s4W00000fqDVVQA2,false,true,a154W00000926TvQAI,a0s4W00000fqDVVQA2,
a0r4W00000bi5kkQAA,00000226,a0s4W00000fqDVVQA2,false,true,a154W00000926TwQAI,a0s4W00000fqDVVQA2,
a0r4W00000bi5klQAA,00000227,a0s4W00000fqDVVQA2,false,true,a154W00000926TxQAI,a0s4W00000fqDVVQA2,
a0r4W00000bi5kmQAA,00000228,a0s4W00000fqDVVQA2,false,true,a154W00000926TyQAI,a0s4W00000fqDVVQA2,
a0r4W00000bi5knQAA,00000229,a0s4W00000fqDVVQA2,false,true,a154W00000926TzQAI,a0s4W00000fqDVVQA2,
a0r4W00000bi5koQAA,00000230,a0s4W00000fqDVVQA2,false,true,a154W00000926U0QAI,a0s4W00000fqDVVQA2,
a0r4W00000bi5kpQAA,00000231,a0s4W00000fqDVVQA2,false,true,a154W00000926SeQAI,a0s4W00000fqDVVQA2,
a0r4W00000bi5kqQAA,00000232,a0s4W00000fqDVVQA2,false,true,a154W00000926U1QAI,a0s4W00000fqDVVQA2,
a0r4W00000bi5krQAA,00000233,a0s4W00000fqDVVQA2,false,true,a154W00000926U2QAI,a0s4W00000fqDVVQA2,
a0r4W00000bi5ksQAA,00000234,a0s4W00000fqDVVQA2,false,true,a154W00000926U3QAI,a0s4W00000fqDVVQA2,
a0r4W00000bi5ktQAA,00000235,a0s4W00000fqDVVQA2,false,true,a154W00000926U4QAI,a0s4W00000fqDVVQA2,
a0r4W00000bi5kuQAA,00000236,a0s4W00000fqDVVQA2,false,true,a154W00000926U5QAI,a0s4W00000fqDVVQA2,
a0r4W00000bi5kvQAA,00000237,a0s4W00000fqDVVQA2,false,true,a154W00000926U6QAI,a0s4W00000fqDVVQA2,
a0r4W00000bi5kwQAA,00000238,a0s4W00000fqDVVQA2,false,true,a154W00000926U7QAI,a0s4W00000fqDVVQA2,
a0r4W00000bi5kxQAA,00000239,a0s4W00000fqDVVQA2,false,true,a154W00000926U8QAI,a0s4W00000fqDVVQA2,
a0r4W00000bi5kyQAA,00000240,a0s4W00000fqDVVQA2,false,true,a154W00000926U9QAI,a0s4W00000fqDVVQA2,
a0r4W00000bi5kzQAA,00000241,a0s4W00000fqDVVQA2,false,true,a154W00000926UAQAY,a0s4W00000fqDVVQA2,
a0r4W00000bi5l0QAA,00000242,a0s4W00000fqDVVQA2,false,true,a154W00000926UBQAY,a0s4W00000fqDVVQA2,
a0r4W00000bi5l1QAA,00000243,a0s4W00000fqDVVQA2,false,true,a154W00000926UCQAY,a0s4W00000fqDVVQA2,
a0r4W00000bi5l2QAA,00000244,a0s4W00000fqDVVQA2,false,true,a154W00000926UDQAY,a0s4W00000fqDVVQA2,
a0r4W00000bi5l3QAA,00000245,a0s4W00000fqDVVQA2,false,true,a154W00000926UEQAY,a0s4W00000fqDVVQA2,
a0r4W00000bi5l4QAA,00000246,a0s4W00000fqDVVQA2,false,true,a154W00000926UFQAY,a0s4W00000fqDVVQA2,
a0r4W00000bi5l5QAA,00000247,a0s4W00000fqDVVQA2,false,true,a154W00000926UGQAY,a0s4W00000fqDVVQA2,
a0r4W00000bi5l6QAA,00000248,a0s4W00000fqDVVQA2,false,true,a154W00000926UHQAY,a0s4W00000fqDVVQA2,
a0r4W00000bi5l7QAA,00000249,a0s4W00000fqDVVQA2,false,true,a154W00000926UIQAY,a0s4W00000fqDVVQA2,
a0r4W00000bi5l8QAA,00000250,a0s4W00000fqDVVQA2,false,true,a154W00000926UJQAY,a0s4W00000fqDVVQA2,
a0r4W00000bi5l9QAA,00000251,a0s4W00000fqDVVQA2,false,true,a154W00000926UKQAY,a0s4W00000fqDVVQA2,421
a0r4W00000bi5lAQAQ,00000252,a0s4W00000fqDVVQA2,false,true,a154W00000926ULQAY,a0s4W00000fqDVVQA2,422
a0r4W00000bi5lBQAQ,00000253,a0s4W00000fqDVVQA2,false,true,a154W00000926UMQAY,a0s4W00000fqDVVQA2,423
a0r4W00000bi5lCQAQ,00000254,a0s4W00000fqDVVQA2,false,true,a154W00000926UNQAY,a0s4W00000fqDVVQA2,424
a0r4W00000bi5lDQAQ,00000255,a0s4W00000fqDVVQA2,false,true,a154W00000926UOQAY,a0s4W00000fqDVVQA2,425
a0r4W00000bi5lEQAQ,00000256,a0s4W00000fqDVVQA2,false,true,a154W00000926UPQAY,a0s4W00000fqDVVQA2,426
a0r4W00000bi5lFQAQ,00000257,a0s4W00000fqDVVQA2,false,true,a154W00000926UQQAY,a0s4W00000fqDVVQA2,427
a0r4W00000bi5lGQAQ,00000258,a0s4W00000fqDVVQA2,false,true,a154W00000926URQAY,a0s4W00000fqDVVQA2,428
a0r4W00000bi5lHQAQ,00000259,a0s4W00000fqDVVQA2,false,true,a154W00000926USQAY,a0s4W00000fqDVVQA2,429
a0r4W00000bi5lIQAQ,00000260,a0s4W00000fqDVSQA2,false,true,a154W00000926ShQAI,a0s4W00000fqDVSQA2,430
a0r4W00000bi5lJQAQ,00000261,a0s4W00000fqDVSQA2,false,true,a154W00000926R8QAI,a0s4W00000fqDVSQA2,431
a0r4W00000bi5lKQAQ,00000262,a0s4W00000fqDVSQA2,false,true,a154W00000926UTQAY,a0s4W00000fqDVSQA2,468
a0r4W00000bi5lLQAQ,00000263,a0s4W00000fqDVSQA2,false,true,a154W00000926R9QAI,a0s4W00000fqDVSQA2,469
a0r4W00000bi5lMQAQ,00000264,a0s4W00000fqDVYQA2,true,true,a154W00000926RZQAY,a0s4W00000fqDVYQA2,687
a0r4W00000bi5lNQAQ,00000265,a0s4W00000fqDVYQA2,false,true,a154W00000926R2QAI,a0s4W00000fqDVYQA2,685
a0r4W00000bi5lOQAQ,00000266,a0s4W00000fqDVYQA2,true,true,a154W00000926RcQAI,a0s4W00000fqDVYQA2,686
a0r4W00000bi5lPQAQ,00000267,a0s4W00000fqDVZQA2,true,true,a154W00000926UUQAY,a0s4W00000fqDVZQA2,699
a0r4W00000bi5lQQAQ,00000268,a0s4W00000fqDVZQA2,true,true,a154W00000926QwQAI,a0s4W00000fqDVZQA2,698
a0r4W00000bi5lRQAQ,00000269,a0s4W00000fqDVZQA2,true,true,a154W00000926RBQAY,a0s4W00000fqDVZQA2,697
a0r4W00000bi5lSQAQ,00000271,a0s4W00000fqDVZQA2,true,true,a154W00000926ROQAY,a0s4W00000fqDVZQA2,696
a0r4W00000bi5lTQAQ,00000272,a0s4W00000fqDVTQA2,true,true,a154W00000926UVQAY,a0s4W00000fqDVTQA2,88
a0r4W00000bi5lUQAQ,00000273,a0s4W00000fqDVTQA2,true,true,a154W00000926UWQAY,a0s4W00000fqDVTQA2,87
a0r4W00000bi5lVQAQ,00000274,a0s4W00000fqDVPQA2,false,true,,a0s4W00000fqDVPQA2,
