Id,External_Id__c,EventApi__Event__c,EventApi__Event__r.Id
a134W000008hIDmQAM,1,a1Y4W000002bRxvUAE,a1Y4W000002bRxvUAE
a134W000008hIDoQAM,2,,
a134W000008hIEIQA2,3,,
a134W000008hIEJQA2,4,,
a134W000008hIDQQA2,5,a1Y4W000002bRxwUAE,a1Y4W000002bRxwUAE
a134W000008hIDRQA2,6,a1Y4W000002bRxwUAE,a1Y4W000002bRxwUAE
a134W000008hIEKQA2,7,a1Y4W000002bRxwUAE,a1Y4W000002bRxwUAE
a134W000008hIDpQAM,8,,
a134W000008hIDqQAM,9,,
a134W000008hIDrQAM,10,a1Y4W000002bRy1UAE,a1Y4W000002bRy1UAE
a134W000008hIELQA2,11,a1Y4W000002bRy1UAE,a1Y4W000002bRy1UAE
a134W000008hIDuQAM,12,,
a134W000008hICAQA2,13,,
a134W000008hIDnQAM,14,,
a134W000008hIDsQAM,15,,
a134W000008hIEMQA2,16,,
a134W000008hIENQA2,17,,
a134W000008hIDtQAM,18,,
a134W000008hICEQA2,19,,
a134W000008hICFQA2,20,,
a134W000008hICGQA2,21,,
a134W000008hICHQA2,22,,
a134W000008hICIQA2,23,,
a134W000008hICJQA2,24,,
a134W000008hICKQA2,25,,
a134W000008hICLQA2,26,,
a134W000008hICMQA2,27,,
a134W000008hICNQA2,28,,
a134W000008hICOQA2,29,,
a134W000008hICPQA2,30,,
a134W000008hICQQA2,31,,
a134W000008hICRQA2,32,,
a134W000008hICSQA2,33,,
a134W000008hICTQA2,34,,
a134W000008hICUQA2,35,,
a134W000008hICVQA2,36,,
a134W000008hICWQA2,37,,
a134W000008hICXQA2,38,,
a134W000008hICYQA2,39,,
a134W000008hICZQA2,40,,
a134W000008hICaQAM,41,,
a134W000008hICbQAM,42,,
a134W000008hICcQAM,43,,
a134W000008hICdQAM,44,,
a134W000008hICeQAM,45,,
a134W000008hICfQAM,46,,
a134W000008hICgQAM,47,,
a134W000008hIChQAM,48,,
a134W000008hICiQAM,49,,
a134W000008hICjQAM,50,,
a134W000008hICkQAM,51,,
a134W000008hIClQAM,52,,
a134W000008hICmQAM,53,,
a134W000008hICnQAM,54,,
a134W000008hICoQAM,55,,
a134W000008hICpQAM,56,,
a134W000008hICqQAM,57,,
a134W000008hICrQAM,58,,
a134W000008hICsQAM,59,,
a134W000008hICtQAM,60,,
a134W000008hICuQAM,61,,
a134W000008hICvQAM,62,,
a134W000008hICwQAM,63,,
a134W000008hICxQAM,64,,
a134W000008hICyQAM,65,,
a134W000008hICzQAM,66,,
a134W000008hID0QAM,67,,
a134W000008hID1QAM,68,,
a134W000008hID2QAM,69,,
a134W000008hID4QAM,70,,
a134W000008hID5QAM,71,,
a134W000008hID3QAM,72,,
a134W000008hID6QAM,73,,
a134W000008hID7QAM,74,,
a134W000008hID8QAM,75,,
a134W000008hID9QAM,76,,
a134W000008hIDAQA2,77,,
a134W000008hIDBQA2,78,,
a134W000008hICBQA2,79,,
a134W000008hICCQA2,80,,
a134W000008hICDQA2,81,,
a134W000008hIEOQA2,82,,
a134W000008hIEPQA2,83,,
a134W000008hIDkQAM,84,,
a134W000008hIDTQA2,85,a1Y4W000002bRxxUAE,a1Y4W000002bRxxUAE
a134W000008hIDvQAM,86,a1Y4W000002bRy2UAE,a1Y4W000002bRy2UAE
a134W000008hIDwQAM,87,a1Y4W000002bRxzUAE,a1Y4W000002bRxzUAE
a134W000008hIDxQAM,88,a1Y4W000002bRxzUAE,a1Y4W000002bRxzUAE
a134W000008hIDyQAM,89,a1Y4W000002bRy3UAE,a1Y4W000002bRy3UAE
a134W000008hIDWQA2,90,,
a134W000008hIDUQA2,91,a1Y4W000002bRxyUAE,a1Y4W000002bRxyUAE
a134W000008hIDhQAM,92,a1Y4W000002bRxyUAE,a1Y4W000002bRxyUAE
a134W000008hIDLQA2,93,a1Y4W000002bRxyUAE,a1Y4W000002bRxyUAE
a134W000008hIDcQAM,94,,
a134W000008hIDYQA2,95,,
a134W000008hIDfQAM,96,,
a134W000008hIDzQAM,97,,
a134W000008hIE0QAM,98,,
a134W000008hIEQQA2,99,,
a134W000008hIE1QAM,100,,
a134W000008hIERQA2,101,,
a134W000008hIE2QAM,102,,
a134W000008hIE3QAM,103,,
a134W000008hIESQA2,104,,
a134W000008hIE4QAM,105,,
a134W000008hIETQA2,106,,
a134W000008hIE5QAM,107,,
a134W000008hIEUQA2,108,,
a134W000008hIE6QAM,109,,
a134W000008hIEVQA2,110,,
a134W000008hIDbQAM,111,,
a134W000008hIEWQA2,112,,
a134W000008hIEXQA2,113,,
a134W000008hIDVQA2,114,,
a134W000008hIDEQA2,115,,
a134W000008hIDDQA2,116,,
a134W000008hIDCQA2,117,,
a134W000008hIDOQA2,118,,
a134W000008hIDHQA2,119,,
a134W000008hIDjQAM,120,,
a134W000008hIDPQA2,121,,
a134W000008hIEYQA2,122,,
a134W000008hIDMQA2,123,,
a134W000008hIE7QAM,124,,
a134W000008hIEZQA2,125,,
a134W000008hIE8QAM,126,,
a134W000008hIEaQAM,127,,
a134W000008hIDIQA2,128,,
a134W000008hIDFQA2,129,a1Y4W000002bRy4UAE,a1Y4W000002bRy4UAE
a134W000008hIDGQA2,130,a1Y4W000002bRy4UAE,a1Y4W000002bRy4UAE
a134W000008hIEbQAM,131,a1Y4W000002bRy4UAE,a1Y4W000002bRy4UAE
a134W000008hIEEQA2,132,,
a134W000008hIEFQA2,133,,
a134W000008hIEGQA2,134,,
a134W000008hIEcQAM,135,,
a134W000008hIE9QAM,136,,
a134W000008hIEdQAM,137,,
a134W000008hIEAQA2,138,,
a134W000008hIEHQA2,139,,
a134W000008hIDJQA2,140,a1Y4W000002bRxsUAE,a1Y4W000002bRxsUAE
a134W000008hIEeQAM,141,a1Y4W000002bRxsUAE,a1Y4W000002bRxsUAE
a134W000008hIDKQA2,142,a1Y4W000002bRxtUAE,a1Y4W000002bRxtUAE
a134W000008hIEfQAM,143,a1Y4W000002bRxtUAE,a1Y4W000002bRxtUAE
a134W000008hIEBQA2,144,a1Y4W000002bRy0UAE,a1Y4W000002bRy0UAE
a134W000008hIEgQAM,145,a1Y4W000002bRy0UAE,a1Y4W000002bRy0UAE
a134W000008hIDNQA2,146,a1Y4W000002bRxuUAE,a1Y4W000002bRxuUAE
a134W000008hIEhQAM,147,a1Y4W000002bRxuUAE,a1Y4W000002bRxuUAE
a134W000008hIECQA2,148,a1Y4W000002bRy5UAE,a1Y4W000002bRy5UAE
a134W000008hIEiQAM,149,a1Y4W000002bRy5UAE,a1Y4W000002bRy5UAE
a134W000008hIDSQA2,150,a1Y4W000002bRxsUAE,a1Y4W000002bRxsUAE
a134W000008hIEDQA2,151,a1Y4W000002bRy0UAE,a1Y4W000002bRy0UAE
