Id,External_Id__c,PagesApi__Site__c,PagesApi__Site__r.Id
0034W00002Dpoe5QAB,3,,
0034W00002Dpoe6QAB,4,,
0034W00002Dpoe7QAB,5,,
0034W00002DpocbQAB,6,,
0034W00002Dpoe8QAB,7,,
0034W00002DpoccQAB,8,,
0034W00002Dpoe9QAB,9,,
0034W00002DpoceQAB,10,,
0034W00002DpofHQAR,96,,
0034W00002DpofIQAR,97,,
0034W00002DpodfQAB,98,,
0034W00002DpofJQAR,99,,
0034W00002DpofKQAR,100,,
0034W00002DpofLQAR,101,,
0034W00002DpofMQAR,102,,
0034W00002DpodaQAB,273,,
0034W00002DpodcQAB,274,,
0034W00002DpodeQAB,275,,
0034W00002DpodTQAR,276,,
0034W00002DpodUQAR,277,,
0034W00002DpodVQAR,278,,
0034W00002DpodWQAR,279,,
0034W00002DpognQAB,280,,
0034W00002DpogoQAB,281,,
0034W00002DpodXQAR,282,,
0034W00002DpogpQAB,283,,
0034W00002DpoeAQAR,11,,
0034W00002DpoeBQAR,12,,
0034W00002DpocaQAB,13,,
0034W00002DpoeCQAR,14,,
0034W00002DpoeDQAR,15,,
0034W00002DpoeEQAR,16,,
0034W00002DpoeFQAR,17,,
0034W00002DpoeGQAR,18,,
0034W00002DpoeHQAR,19,,
0034W00002DpoeIQAR,20,,
0034W00002DpoeJQAR,21,,
0034W00002DpofNQAR,103,,
0034W00002DpofOQAR,104,,
0034W00002DpofPQAR,105,,
0034W00002DpofQQAR,172,,
0034W00002DpofRQAR,173,,
0034W00002DpofSQAR,174,,
0034W00002DpofTQAR,175,,
0034W00002DpogqQAB,284,,
0034W00002DpogrQAB,186,,
0034W00002DpogsQAB,187,,
0034W00002DpogtQAB,188,,
0034W00002DpodYQAR,189,,
0034W00002DpoguQAB,190,,
0034W00002DpogvQAB,191,,
0034W00002DpogwQAB,192,,
0034W00002DpogxQAB,193,,
0034W00002DpogyQAB,194,,
0034W00002DpogzQAB,195,,
0034W00002DpoeKQAR,22,,
0034W00002DpoeLQAR,23,,
0034W00002DpoeMQAR,24,,
0034W00002DpoeNQAR,25,,
0034W00002DpoeOQAR,26,,
0034W00002DpoePQAR,27,,
0034W00002DpoeQQAR,37,,
0034W00002DpoeRQAR,38,,
0034W00002DpoeSQAR,39,,
0034W00002DpoeTQAR,40,,
0034W00002DpocfQAB,41,,
0034W00002DpofUQAR,176,,
0034W00002DpofVQAR,177,,
0034W00002DpofWQAR,178,,
0034W00002DpofXQAR,179,,
0034W00002DpofYQAR,180,,
0034W00002DpofZQAR,181,,
0034W00002DpofaQAB,182,,
0034W00002Dpoh0QAB,196,,
0034W00002DpodZQAR,197,,
0034W00002DpodyQAB,198,,
0034W00002DpodzQAB,199,,
0034W00002Dpoe0QAB,200,,
0034W00002Dpoe1QAB,285,,
0034W00002Dpoe2QAB,286,,
0034W00002DpodgQAB,287,,
0034W00002DpodhQAB,288,,
0034W00002DpodiQAB,289,,
0034W00002Dpoh1QAB,290,,
0034W00002DpoeUQAR,42,,
0034W00002DpoeVQAR,43,,
0034W00002DpocgQAB,44,,
0034W00002DpoeWQAR,45,,
0034W00002DpoeXQAR,46,,
0034W00002DpoeYQAR,47,,
0034W00002DpochQAB,48,,
0034W00002DpociQAB,49,,
0034W00002DpocjQAB,50,,
0034W00002DpockQAB,51,,
0034W00002DpofbQAB,183,,
0034W00002DpofcQAB,184,,
0034W00002DpofdQAB,185,,
0034W00002DpofeQAB,130,,
0034W00002DpoffQAB,131,,
0034W00002DpofgQAB,132,,
0034W00002DpofhQAB,133,,
0034W00002Dpoh2QAB,291,,
0034W00002Dpoh3QAB,292,,
0034W00002DpodjQAB,293,,
0034W00002DpodkQAB,294,,
0034W00002Dpoh4QAB,295,,
0034W00002Dpoh5QAB,296,,
0034W00002Dpoh6QAB,297,,
0034W00002Dpoh7QAB,298,,
0034W00002Dpoh8QAB,299,,
0034W00002Dpoh9QAB,300,,
0034W00002DpohAQAR,301,,
0034W00002DpoclQAB,52,,
0034W00002DpocmQAB,53,,
0034W00002DpocnQAB,54,,
0034W00002DpocoQAB,76,,
0034W00002DpocpQAB,77,,
0034W00002DpocqQAB,78,,
0034W00002DpocrQAB,79,,
0034W00002DpocsQAB,80,,
0034W00002DpoctQAB,81,,
0034W00002DpofiQAB,134,,
0034W00002DpofjQAB,135,,
0034W00002DpoddQAB,136,,
0034W00002DpofkQAB,137,,
0034W00002DpoflQAB,138,,
0034W00002DpofmQAB,139,,
0034W00002DpofnQAB,140,,
0034W00002DpohBQAR,302,,
0034W00002DpohCQAR,303,,
0034W00002DpohDQAR,304,,
0034W00002DpohEQAR,305,,
0034W00002DpodlQAB,306,,
0034W00002DpohFQAR,307,,
0034W00002DpohGQAR,308,,
0034W00002DpohHQAR,309,,
0034W00002DpohIQAR,310,,
0034W00002DpodmQAB,311,,
0034W00002DpodnQAB,312,,
0034W00002DpofoQAB,141,,
0034W00002DpofpQAB,142,,
0034W00002DpocdQAB,143,,
0034W00002DpofqQAB,201,,
0034W00002DpofrQAB,202,,
0034W00002DpofsQAB,203,,
0034W00002DpoftQAB,204,,
0034W00002DpofuQAB,205,,
0034W00002DpodoQAB,215,,
0034W00002DpodpQAB,216,,
0034W00002DpodqQAB,217,,
0034W00002DpohJQAR,218,,
0034W00002DpocUQAR,219,,
0034W00002DpoduQAB,220,,
0034W00002DpohKQAR,221,,
0034W00002DpohLQAR,222,,
0034W00002DpohMQAR,223,,
0034W00002DpohNQAR,224,,
0034W00002DpocuQAB,82,,
0034W00002DpofvQAB,206,,
0034W00002DpofwQAB,207,,
0034W00002DpocVQAR,208,,
0034W00002DpofxQAB,209,,
0034W00002DpofyQAB,210,,
0034W00002DpofzQAB,211,,
0034W00002Dpog0QAB,212,,
0034W00002Dpog1QAB,213,,
0034W00002DpodvQAB,225,,
0034W00002DpohOQAR,226,,
0034W00002DpocXQAR,227,,
0034W00002DpohPQAR,228,,
0034W00002DpohQQAR,229,,
0034W00002DpodwQAB,230,,
0034W00002DpodxQAB,231,,
0034W00002DpohRQAR,232,,
0034W00002DpohSQAR,233,,
0034W00002DpohTQAR,234,,
0034W00002Dpoe3QAB,235,,
0034W00002DpocvQAB,83,,
0034W00002DpocwQAB,84,,
0034W00002DpocxQAB,85,,
0034W00002DpocyQAB,86,,
0034W00002DpoczQAB,87,,
0034W00002Dpod0QAB,88,,
0034W00002Dpod1QAB,89,,
0034W00002Dpod2QAB,90,,
0034W00002Dpod3QAB,28,,
0034W00002Dpog2QAB,214,,
0034W00002DpodtQAB,238,,
0034W00002Dpog3QAB,239,,
0034W00002Dpog4QAB,240,,
0034W00002Dpog5QAB,241,,
0034W00002Dpog6QAB,242,,
0034W00002Dpog7QAB,243,,
0034W00002DpocZQAR,244,,
0034W00002DpohUQAR,236,,
0034W00002DpocYQAR,237,,
0034W00002Dpod4QAB,29,,
0034W00002Dpod5QAB,30,,
0034W00002Dpod6QAB,31,,
0034W00002Dpod7QAB,32,,
0034W00002Dpod8QAB,33,,
0034W00002Dpod9QAB,34,,
0034W00002DpodAQAR,35,,
0034W00002DpodBQAR,36,,
0034W00002DpodCQAR,106,,
0034W00002Dpog8QAB,158,,
0034W00002Dpog9QAB,159,,
0034W00002DpogAQAR,160,,
0034W00002DpogBQAR,161,,
0034W00002DpogCQAR,162,,
0034W00002DpogDQAR,163,,
0034W00002DpogEQAR,164,,
0034W00002DpodDQAR,107,,
0034W00002DpodEQAR,108,,
0034W00002DpoeZQAR,109,,
0034W00002DpoeaQAB,110,,
0034W00002DpoebQAB,111,,
0034W00002DpoecQAB,112,,
0034W00002DpoedQAB,113,,
0034W00002DpoeeQAB,114,,
0034W00002DpoefQAB,115,,
0034W00002DpoegQAB,116,,
0034W00002DpogFQAR,165,,
0034W00002DpogGQAR,166,,
0034W00002DpogHQAR,167,,
0034W00002DpogIQAR,168,,
0034W00002DpogJQAR,169,,
0034W00002DpogKQAR,170,,
0034W00002DpogLQAR,171,,
0034W00002DpogMQAR,245,,
0034W00002DpoehQAB,117,,
0034W00002DpodLQAR,118,,
0034W00002DpoeiQAB,119,,
0034W00002DpoejQAB,120,,
0034W00002DpoekQAB,121,,
0034W00002DpoelQAB,122,,
0034W00002DpoemQAB,123,,
0034W00002DpoenQAB,124,,
0034W00002DpoeoQAB,125,,
0034W00002DpodFQAR,126,,
0034W00002DpodGQAR,127,,
0034W00002DpodHQAR,128,,
0034W00002DpoepQAB,129,,
0034W00002DpodIQAR,55,,
0034W00002DpodJQAR,56,,
0034W00002DpodKQAR,57,,
0034W00002DpodMQAR,58,,
0034W00002DpodNQAR,59,,
0034W00002DpodPQAR,60,,
0034W00002DpodOQAR,61,,
0034W00002DpogNQAR,246,,
0034W00002DpogOQAR,247,,
0034W00002DpoeqQAB,62,,
0034W00002DpodQQAR,63,,
0034W00002DpoerQAB,64,,
0034W00002DpoesQAB,65,,
0034W00002DpoetQAB,66,,
0034W00002DpoeuQAB,67,,
0034W00002DpodRQAR,68,,
0034W00002DpoevQAB,69,,
0034W00002DpoewQAB,70,,
0034W00002DpoexQAB,71,,
0034W00002DpogPQAR,248,,
0034W00002DpogQQAR,249,,
0034W00002DpogRQAR,250,,
0034W00002DpodSQAR,72,,
0034W00002DpoeyQAB,73,,
0034W00002DpoezQAB,74,,
0034W00002Dpof0QAB,75,,
0034W00002Dpof1QAB,144,,
0034W00002Dpof2QAB,145,,
0034W00002Dpof3QAB,146,,
0034W00002Dpof4QAB,147,,
0034W00002DpogSQAR,251,,
0034W00002DpogTQAR,252,,
0034W00002DpogUQAR,253,,
0034W00002DpogVQAR,254,,
0034W00002DpogWQAR,255,,
0034W00002DpogXQAR,256,,
0034W00002DpogYQAR,257,,
0034W00002DpocWQAR,1,,
0034W00002Dpoe4QAB,2,,
0034W00002Dpof5QAB,148,,
0034W00002Dpof6QAB,149,,
0034W00002DpocTQAR,150,,
0034W00002Dpof7QAB,151,,
0034W00002DpodrQAB,152,,
0034W00002Dpof8QAB,153,,
0034W00002Dpof9QAB,154,,
0034W00002DpofAQAR,155,,
0034W00002DpogZQAR,258,,
0034W00002DpogaQAB,259,,
0034W00002DpogbQAB,260,,
0034W00002DpogcQAB,261,,
0034W00002DpogdQAB,262,,
0034W00002DpogeQAB,263,,
0034W00002DpogfQAB,264,,
0034W00002DpoggQAB,265,,
0034W00002DpoghQAB,266,,
0034W00002DpogiQAB,267,,
0034W00002DpodsQAB,156,,
0034W00002DpofBQAR,157,,
0034W00002DpofCQAR,91,,
0034W00002DpofDQAR,92,,
0034W00002DpofEQAR,93,,
0034W00002DpofFQAR,94,,
0034W00002DpofGQAR,95,,
0034W00002DpogjQAB,268,,
0034W00002DpogkQAB,269,,
0034W00002DpoglQAB,270,,
0034W00002DpogmQAB,271,,
0034W00002DpodbQAB,272,,
