EventApi__Schedule_Item__c,EventApi__Track__c,Errors,Id
a1rR0000000znzsIAA,a24R0000001LPAiIAO,,a23R00000010ldEIAQ
a1rR0000000znzuIAA,a24R0000001LPAiIAO,,a23R00000010ldFIAQ
a1rR0000000zo06IAA,a24R0000001LPAiIAO,,a23R00000010ldGIAQ
a1rR0000000zo07IAA,a24R0000001LPAhIAO,,a23R00000010ldHIAQ
a1rR0000000zo06IAA,a24R0000001LPAhIAO,,a23R00000010ldIIAQ
a1rR0000000znzrIAA,a24R0000001LPAhIAO,,a23R00000010ldJIAQ
a1rR0000000znzvIAA,a24R0000001LPAhIAO,,a23R00000010ldKIAQ
a1rR0000000znzuIAA,a24R0000001LPAhIAO,,a23R00000010ldLIAQ
a1rR0000000zo0ZIAQ,a24R0000001LPAmIAO,,a23R00000010ldMIAQ
a1rR0000000zo0aIAA,a24R0000001LPAmIAO,,a23R00000010ldNIAQ
a1rR0000000zo0dIAA,a24R0000001LPAmIAO,,a23R00000010ldOIAQ
a1rR0000000zo0gIAA,a24R0000001LPAmIAO,,a23R00000010ldPIAQ
a1rR0000000zo0cIAA,a24R0000001LPAmIAO,,a23R00000010ldQIAQ
a1rR0000000zo0fIAA,a24R0000001LPAmIAO,,a23R00000010ldRIAQ
a1rR0000000znxiIAA,a24R0000001LPAnIAO,,a23R00000010ldSIAQ
a1rR0000000znxeIAA,a24R0000001LPAnIAO,,a23R00000010ldTIAQ
a1rR0000000znxgIAA,a24R0000001LPAnIAO,,a23R00000010ldUIAQ
a1rR0000000znxuIAA,a24R0000001LPAoIAO,,a23R00000010ldVIAQ
a1rR0000000znxgIAA,a24R0000001LPAoIAO,,a23R00000010ldWIAQ
a1rR0000000znxjIAA,a24R0000001LPAoIAO,,a23R00000010ldXIAQ
a1rR0000000znxhIAA,a24R0000001LPAoIAO,,a23R00000010ldYIAQ
a1rR0000000znxeIAA,a24R0000001LPAoIAO,,a23R00000010ldZIAQ
a1rR0000000znxvIAA,a24R0000001LPAjIAO,,a23R00000010ldaIAA
a1rR0000000zny0IAA,a24R0000001LPAjIAO,,a23R00000010ldbIAA
a1rR0000000znxyIAA,a24R0000001LPAjIAO,,a23R00000010ldcIAA
a1rR0000000znyBIAQ,a24R0000001LPAjIAO,,a23R00000010lddIAA
a1rR0000000zny1IAA,a24R0000001LPAjIAO,,a23R00000010ldeIAA
a1rR0000000znxwIAA,a24R0000001LPAjIAO,,a23R00000010ldfIAA
a1rR0000000znxzIAA,a24R0000001LPAkIAO,,a23R00000010ldgIAA
a1rR0000000znxvIAA,a24R0000001LPAkIAO,,a23R00000010ldhIAA
a1rR0000000znxwIAA,a24R0000001LPAkIAO,,a23R00000010ldiIAA
a1rR0000000zny0IAA,a24R0000001LPAkIAO,,a23R00000010ldjIAA
a1rR0000000znxxIAA,a24R0000001LPAkIAO,,a23R00000010ldkIAA
a1rR0000000zo0eIAA,a24R0000001LPAlIAO,,a23R00000010ldlIAA
a1rR0000000zo0ZIAQ,a24R0000001LPAlIAO,,a23R00000010ldmIAA
a1rR0000000zo0bIAA,a24R0000001LPAlIAO,,a23R00000010ldnIAA
a1rR0000000zo0gIAA,a24R0000001LPAlIAO,,a23R00000010ldoIAA
a1rR0000000zo0fIAA,a24R0000001LPAlIAO,,a23R00000010ldpIAA
